{
  "frame_index": 559,
  "timestamp_s": 18.633333206176758,
  "pause_frame_range": {
    "start": 545,
    "end": 565
  },
  "left_observation_pose": {
    "x": -0.233597993850708,
    "y": 0.03279599919915199,
    "z": 0.3835969865322113,
    "roll": -2.45621919631958,
    "pitch": 0.3879692256450653,
    "yaw": 1.840781331062317
  },
  "left_observation_pose_quaternion": {
    "x": -0.233597993850708,
    "y": 0.03279599919915199,
    "z": 0.3835969865322113,
    "qx": -0.6111554669653686,
    "qy": -0.696284012013499,
    "qz": 0.3723382343644184,
    "qw": 0.05515259779117787
  }
}
