{
  "frame_index": 701,
  "timestamp_s": 23.366666793823242,
  "pause_frame_range": {
    "start": 688,
    "end": 714
  },
  "left_observation_pose": {
    "x": -0.4171229898929596,
    "y": 0.3947870135307312,
    "z": 0.18068499863147736,
    "roll": -2.459779739379883,
    "pitch": -0.057473693042993546,
    "yaw": 1.3215981721878052
  },
  "left_observation_pose_quaternion": {
    "x": -0.4171229898929596,
    "y": 0.3947870135307312,
    "z": 0.18068499863147736,
    "qx": -0.7378645349460847,
    "qy": -0.5857735649295205,
    "qz": 0.18373747511872615,
    "qw": 0.2804742393439272
  }
}
