{
  "frame_index": 353,
  "timestamp_s": 11.766666412353516,
  "pause_frame_range": {
    "start": 346,
    "end": 368
  },
  "left_observation_pose": {
    "x": -0.3227269947528839,
    "y": 0.32596200704574585,
    "z": 0.42656201124191284,
    "roll": -2.319298267364502,
    "pitch": 0.1745852828025818,
    "yaw": 1.5767652988433838
  },
  "left_observation_pose_quaternion": {
    "x": -0.3227269947528839,
    "y": 0.32596200704574585,
    "z": 0.42656201124191284,
    "qx": -0.6684918751247029,
    "qy": -0.6230706056767719,
    "qz": 0.3387065407190551,
    "qw": 0.22400784028236767
  }
}
