{
  "frame_index": 1972,
  "timestamp_s": 65.73332977294922,
  "pause_frame_range": {
    "start": 1964,
    "end": 1976
  },
  "left_observation_pose": {
    "x": -0.41504600644111633,
    "y": 0.36537599563598633,
    "z": 0.2962779998779297,
    "roll": -2.3578176498413086,
    "pitch": 0.09702285379171371,
    "yaw": 1.5082961320877075
  },
  "left_observation_pose_quaternion": {
    "x": -0.41504600644111633,
    "y": 0.36537599563598633,
    "z": 0.2962779998779297,
    "qx": -0.6854886456849734,
    "qy": -0.6185197226267234,
    "qz": 0.2938545065047295,
    "qw": 0.24736248374724107
  }
}
