{
  "frame_index": 1383,
  "timestamp_s": 46.099998474121094,
  "pause_frame_range": {
    "start": 1380,
    "end": 1397
  },
  "left_observation_pose": {
    "x": -0.258417010307312,
    "y": -0.13677799701690674,
    "z": 0.45166200399398804,
    "roll": -2.218400716781616,
    "pitch": 0.4937187433242798,
    "yaw": 2.174401044845581
  },
  "left_observation_pose_quaternion": {
    "x": -0.258417010307312,
    "y": -0.13677799701690674,
    "z": 0.45166200399398804,
    "qx": -0.5000356785549386,
    "qy": -0.7180392614956124,
    "qz": 0.4840799369791378,
    "qw": 0.007110115133506845
  }
}
