{
  "frame_index": 859,
  "timestamp_s": 28.633333206176758,
  "pause_frame_range": {
    "start": 857,
    "end": 868
  },
  "left_observation_pose": {
    "x": -0.30079400539398193,
    "y": 0.22764800488948822,
    "z": 0.25316500663757324,
    "roll": -2.6967954635620117,
    "pitch": 0.28996899724006653,
    "yaw": 1.475501298904419
  },
  "left_observation_pose_quaternion": {
    "x": -0.30079400539398193,
    "y": 0.22764800488948822,
    "z": 0.25316500663757324,
    "qx": -0.735620642681575,
    "qy": -0.6255946461144433,
    "qz": 0.25108176274867133,
    "qw": 0.06671999122235442
  }
}
