{
  "frame_index": 1897,
  "timestamp_s": 63.233333587646484,
  "pause_frame_range": {
    "start": 1893,
    "end": 1908
  },
  "left_observation_pose": {
    "x": -0.37436801195144653,
    "y": 0.3755809962749481,
    "z": 0.3597339987754822,
    "roll": -2.269695997238159,
    "pitch": 0.023439772427082062,
    "yaw": 1.4477331638336182
  },
  "left_observation_pose_quaternion": {
    "x": -0.37436801195144653,
    "y": 0.3755809962749481,
    "z": 0.3597339987754822,
    "qx": -0.682404056941317,
    "qy": -0.5965938277013644,
    "qz": 0.2876043758373367,
    "qw": 0.3093286776519157
  }
}
