{
  "frame_index": 1949,
  "timestamp_s": 64.96666717529297,
  "pause_frame_range": {
    "start": 1946,
    "end": 1956
  },
  "left_observation_pose": {
    "x": -0.4159339964389801,
    "y": 0.3643549978733063,
    "z": 0.296301007270813,
    "roll": -2.3577828407287598,
    "pitch": 0.09698794782161713,
    "yaw": 1.5107395648956299
  },
  "left_observation_pose_quaternion": {
    "x": -0.4159339964389801,
    "y": 0.3643549978733063,
    "z": 0.296301007270813,
    "qx": -0.6847241841855207,
    "qy": -0.6193569972909451,
    "qz": 0.2941557661448402,
    "qw": 0.24702648996000307
  }
}
