{
  "frame_index": 1418,
  "timestamp_s": 47.266666412353516,
  "pause_frame_range": {
    "start": 1390,
    "end": 1436
  },
  "right_observation_pose": {
    "x": -0.27756598591804504,
    "y": -0.24654099345207214,
    "z": 0.29475700855255127,
    "roll": -0.46930158138275146,
    "pitch": 0.24064600467681885,
    "yaw": -1.983200192451477
  },
  "right_observation_pose_quaternion": {
    "x": -0.27756598591804504,
    "y": -0.24654099345207214,
    "z": 0.29475700855255127,
    "qx": -0.028638012055206413,
    "qy": 0.25707557433022665,
    "qz": -0.7928074709248774,
    "qw": 0.5518589741899733
  }
}
