{
  "frame_index": 420,
  "timestamp_s": 14.0,
  "pause_frame_range": {
    "start": 410,
    "end": 429
  },
  "left_observation_pose": {
    "x": -0.301800012588501,
    "y": 0.30126601457595825,
    "z": 0.36827999353408813,
    "roll": -2.529750108718872,
    "pitch": 0.2652551531791687,
    "yaw": 1.4868110418319702
  },
  "left_observation_pose_quaternion": {
    "x": -0.301800012588501,
    "y": 0.30126601457595825,
    "z": 0.36827999353408813,
    "qx": -0.7227773177521502,
    "qy": -0.6103881115481659,
    "qz": 0.29487285258786405,
    "qw": 0.13442210766971013
  }
}
