{
  "frame_index": 754,
  "timestamp_s": 25.133333206176758,
  "pause_frame_range": {
    "start": 748,
    "end": 761
  },
  "left_observation_pose": {
    "x": -0.29525700211524963,
    "y": 0.06177400052547455,
    "z": 0.23508299887180328,
    "roll": -2.6658856868743896,
    "pitch": 0.3784222900867462,
    "yaw": 1.6576613187789917
  },
  "left_observation_pose_quaternion": {
    "x": -0.29525700211524963,
    "y": 0.06177400052547455,
    "z": 0.23508299887180328,
    "qx": -0.6776600736280843,
    "qy": -0.6736568439685507,
    "qz": 0.29410084963191524,
    "qw": 0.021632647329831448
  }
}
