{
  "frame_index": 255,
  "timestamp_s": 8.5,
  "right_observation_pose": {
    "x": -0.2833620011806488,
    "y": -0.35452398657798767,
    "z": 0.33862000703811646,
    "roll": -0.936561107635498,
    "pitch": -0.1915324330329895,
    "yaw": -1.7436188459396362
  },
  "right_observation_pose_quaternion": {
    "x": -0.2833620011806488,
    "y": -0.35452398657798767,
    "z": 0.33862000703811646,
    "qx": -0.3544053122283568,
    "qy": 0.28902239557366716,
    "qz": -0.7077255935179717,
    "qw": 0.5385047945940818
  }
}
