{
  "frame_index": 179,
  "timestamp_s": 5.9666666984558105,
  "pause_frame_range": {
    "start": 156,
    "end": 189
  },
  "left_observation_pose": {
    "x": -0.3248710036277771,
    "y": 0.3884100019931793,
    "z": 0.2930870056152344,
    "roll": -2.474510431289673,
    "pitch": 0.026162484660744667,
    "yaw": 1.6175711154937744
  },
  "left_observation_pose_quaternion": {
    "x": -0.3248710036277771,
    "y": 0.3884100019931793,
    "z": 0.2930870056152344,
    "qx": -0.6553724954812278,
    "qy": -0.6805641605245515,
    "qz": 0.2453635871056795,
    "qw": 0.217062262263283
  }
}
