{
  "frame_index": 595,
  "timestamp_s": 19.83333396911621,
  "pause_frame_range": {
    "start": 582,
    "end": 598
  },
  "right_observation_pose": {
    "x": -0.2473900020122528,
    "y": -0.13974399864673615,
    "z": 0.4725309908390045,
    "roll": -0.9891653656959534,
    "pitch": 0.023945916444063187,
    "yaw": -1.7962579727172852
  },
  "right_observation_pose_quaternion": {
    "x": -0.2473900020122528,
    "y": -0.13974399864673615,
    "z": 0.4725309908390045,
    "qx": -0.28748768433199406,
    "qy": 0.3778039975434611,
    "qz": -0.6848432432431902,
    "qw": 0.5528152521247556
  }
}
