{
  "frame_index": 1846,
  "timestamp_s": 61.53333282470703,
  "pause_frame_range": {
    "start": 1839,
    "end": 1855
  },
  "left_observation_pose": {
    "x": -0.3174470067024231,
    "y": 0.37816599011421204,
    "z": 0.41962799429893494,
    "roll": -2.21161150932312,
    "pitch": -0.028187068179249763,
    "yaw": 1.3620200157165527
  },
  "left_observation_pose_quaternion": {
    "x": -0.3174470067024231,
    "y": 0.37816599011421204,
    "z": 0.41962799429893494,
    "qx": -0.6903989345809303,
    "qy": -0.5675871019103779,
    "qz": 0.2724969319896386,
    "qw": 0.3562858612557185
  }
}
