{
  "frame_index": 434,
  "timestamp_s": 14.466666221618652,
  "pause_frame_range": {
    "start": 429,
    "end": 450
  },
  "right_observation_pose": {
    "x": -0.2690350115299225,
    "y": -0.31707701086997986,
    "z": 0.4242100119590759,
    "roll": -0.9691115021705627,
    "pitch": -0.019320795312523842,
    "yaw": -1.5279484987258911
  },
  "right_observation_pose_quaternion": {
    "x": -0.2690350115299225,
    "y": -0.31707701086997986,
    "z": 0.4242100119590759,
    "qx": -0.34225956860007706,
    "qy": 0.31606186339730313,
    "qz": -0.6153791812470183,
    "qw": 0.6358236779919909
  }
}
