{
  "frame_index": 489,
  "timestamp_s": 16.299999237060547,
  "pause_frame_range": {
    "start": 467,
    "end": 493
  },
  "left_observation_pose": {
    "x": -0.2696940004825592,
    "y": 0.16558699309825897,
    "z": 0.36278799176216125,
    "roll": -2.4891536235809326,
    "pitch": 0.29422760009765625,
    "yaw": 1.5791040658950806
  },
  "left_observation_pose_quaternion": {
    "x": -0.2696940004825592,
    "y": 0.16558699309825897,
    "z": 0.36278799176216125,
    "qx": -0.6931751916226184,
    "qy": -0.6322478303585674,
    "qz": 0.3228590996095516,
    "qw": 0.12463080086856704
  }
}
