{
  "frame_index": 611,
  "timestamp_s": 20.366666793823242,
  "pause_frame_range": {
    "start": 592,
    "end": 615
  },
  "left_observation_pose": {
    "x": -0.177948996424675,
    "y": -0.1841610074043274,
    "z": 0.334991991519928,
    "roll": -2.168972969055176,
    "pitch": 0.6268699169158936,
    "yaw": 2.7564334869384766
  },
  "left_observation_pose_quaternion": {
    "x": -0.177948996424675,
    "y": -0.1841610074043274,
    "z": 0.334991991519928,
    "qx": -0.3023970395036144,
    "qy": -0.7978653400784864,
    "qz": 0.4885475502253651,
    "qw": -0.18245059816203657
  }
}
