{
  "frame_index": 848,
  "timestamp_s": 28.266666412353516,
  "pause_frame_range": {
    "start": 804,
    "end": 863
  },
  "right_observation_pose": {
    "x": -0.13937799632549286,
    "y": -0.07127100229263306,
    "z": 0.49459999799728394,
    "roll": -0.5359382629394531,
    "pitch": -0.046303585171699524,
    "yaw": -2.2013139724731445
  },
  "right_observation_pose_quaternion": {
    "x": -0.13937799632549286,
    "y": -0.07127100229263306,
    "z": 0.49459999799728394,
    "qx": -0.1398146160370336,
    "qy": 0.2258709809856225,
    "qz": -0.8622342041988132,
    "qw": 0.4312613479094188
  }
}
