{
  "frame_index": 1890,
  "timestamp_s": 63.0,
  "pause_frame_range": {
    "start": 1881,
    "end": 1898
  },
  "right_observation_pose": {
    "x": -0.1459999978542328,
    "y": 0.0946590006351471,
    "z": 0.5694509744644165,
    "roll": -1.2134751081466675,
    "pitch": 0.16495107114315033,
    "yaw": -2.4225692749023438
  },
  "right_observation_pose_quaternion": {
    "x": -0.1459999978542328,
    "y": 0.0946590006351471,
    "z": 0.5694509744644165,
    "qx": -0.1365697109642117,
    "qy": 0.5557333463385807,
    "qz": -0.7498522460856474,
    "qw": 0.33201019691386663
  }
}
