{
  "frame_index": 1643,
  "timestamp_s": 54.766666412353516,
  "pause_frame_range": {
    "start": 1639,
    "end": 1654
  },
  "left_observation_pose": {
    "x": -0.36461201310157776,
    "y": 0.10622899979352951,
    "z": 0.5132820010185242,
    "roll": -2.142932653427124,
    "pitch": -0.028623400256037712,
    "yaw": 1.7396918535232544
  },
  "left_observation_pose_quaternion": {
    "x": -0.36461201310157776,
    "y": 0.10622899979352951,
    "z": 0.5132820010185242,
    "qx": -0.5609038573076232,
    "qy": -0.6752708108592036,
    "qz": 0.3578012739426163,
    "qw": 0.31839353514797375
  }
}
