{
  "frame_index": 2367,
  "timestamp_s": 78.9000015258789,
  "pause_frame_range": {
    "start": 2345,
    "end": 2374
  },
  "right_observation_pose": {
    "x": -0.20295099914073944,
    "y": 0.1376120001077652,
    "z": 0.5636990070343018,
    "roll": -1.2073140144348145,
    "pitch": 0.10063568502664566,
    "yaw": -2.5324203968048096
  },
  "right_observation_pose_quaternion": {
    "x": -0.20295099914073944,
    "y": 0.1376120001077652,
    "z": 0.5636990070343018,
    "qx": -0.130522418112404,
    "qy": 0.553260982856264,
    "qz": -0.7758147614972971,
    "qw": 0.2738204504084815
  }
}
