{
  "frame_index": 293,
  "timestamp_s": 9.766666412353516,
  "pause_frame_range": {
    "start": 281,
    "end": 305
  },
  "right_observation_pose": {
    "x": -0.3283199965953827,
    "y": -0.06442400068044662,
    "z": 0.2757920026779175,
    "roll": -0.46073201298713684,
    "pitch": 0.43449971079826355,
    "yaw": -1.978103756904602
  },
  "right_observation_pose_quaternion": {
    "x": -0.3283199965953827,
    "y": -0.06442400068044662,
    "z": 0.2757920026779175,
    "qx": 0.05281531193105196,
    "qy": 0.30159915940473386,
    "qz": -0.7672696659648386,
    "qw": 0.5635119781887417
  }
}
