{
  "frame_index": 2435,
  "timestamp_s": 81.16666412353516,
  "pause_frame_range": {
    "start": 2417,
    "end": 2458
  },
  "right_observation_pose": {
    "x": -0.21811600029468536,
    "y": 0.08898899704217911,
    "z": 0.5696759819984436,
    "roll": -1.1897560358047485,
    "pitch": -0.08590510487556458,
    "yaw": -2.2866780757904053
  },
  "right_observation_pose_quaternion": {
    "x": -0.21811600029468536,
    "y": 0.08898899704217911,
    "z": 0.5696759819984436,
    "qx": -0.26447057994611617,
    "qy": 0.49477046874190833,
    "qz": -0.7629768143177075,
    "qw": 0.3211290650462519
  }
}
