{
  "frame_index": 2097,
  "timestamp_s": 69.9000015258789,
  "pause_frame_range": {
    "start": 2093,
    "end": 2118
  },
  "left_observation_pose": {
    "x": -0.46260198950767517,
    "y": 0.33744099736213684,
    "z": 0.12142399698495865,
    "roll": -2.6195995807647705,
    "pitch": 0.27316147089004517,
    "yaw": 1.5635182857513428
  },
  "left_observation_pose_quaternion": {
    "x": -0.46260198950767517,
    "y": 0.33744099736213684,
    "z": 0.12142399698495865,
    "qx": -0.704008902953336,
    "qy": -0.6493960885680315,
    "qz": 0.27346051852725844,
    "qw": 0.08874418021360439
  }
}
