{
  "frame_index": 1003,
  "timestamp_s": 33.43333435058594,
  "pause_frame_range": {
    "start": 988,
    "end": 1008
  },
  "left_observation_pose": {
    "x": -0.3673039972782135,
    "y": 0.30011600255966187,
    "z": 0.1676180064678192,
    "roll": -2.840593099594116,
    "pitch": 0.2836683690547943,
    "yaw": 1.5407766103744507
  },
  "left_observation_pose_quaternion": {
    "x": -0.3673039972782135,
    "y": 0.30011600255966187,
    "z": 0.1676180064678192,
    "qx": -0.7171634805649861,
    "qy": -0.6664179244195024,
    "qz": 0.20366472947507633,
    "qw": 0.009185321124551395
  }
}
