{
  "frame_index": 92,
  "timestamp_s": 3.066666603088379,
  "pause_frame_range": {
    "start": 85,
    "end": 99
  },
  "left_observation_pose": {
    "x": -0.25797998905181885,
    "y": 0.06498800218105316,
    "z": 0.3819809854030609,
    "roll": -2.36855149269104,
    "pitch": 0.2390926480293274,
    "yaw": 2.163283348083496
  },
  "left_observation_pose_quaternion": {
    "x": -0.25797998905181885,
    "y": 0.06498800218105316,
    "z": 0.3819809854030609,
    "qx": -0.4717945469710461,
    "qy": -0.790647899078809,
    "qz": 0.38229064099959403,
    "qw": 0.07835605231742156
  }
}
