{
  "frame_index": 1055,
  "timestamp_s": 35.16666793823242,
  "pause_frame_range": {
    "start": 1047,
    "end": 1064
  },
  "left_observation_pose": {
    "x": -0.42725300788879395,
    "y": 0.20132000744342804,
    "z": 0.14031599462032318,
    "roll": -2.72562837600708,
    "pitch": 0.3263765573501587,
    "yaw": 1.5380887985229492
  },
  "left_observation_pose_quaternion": {
    "x": -0.42725300788879395,
    "y": 0.20132000744342804,
    "z": 0.14031599462032318,
    "qx": -0.7170789576996538,
    "qy": -0.6473154017601969,
    "qz": 0.2559200634228376,
    "qw": 0.03585331513352734
  }
}
