{
  "frame_index": 2533,
  "timestamp_s": 84.43333435058594,
  "pause_frame_range": {
    "start": 2526,
    "end": 2553
  },
  "right_observation_pose": {
    "x": -0.23899699747562408,
    "y": 0.008754000067710876,
    "z": 0.5676850080490112,
    "roll": -1.1730706691741943,
    "pitch": -0.21937043964862823,
    "yaw": -1.9931659698486328
  },
  "right_observation_pose_quaternion": {
    "x": -0.23899699747562408,
    "y": 0.008754000067710876,
    "z": 0.5676850080490112,
    "qx": -0.37537680455972966,
    "qy": 0.41239804942351777,
    "qz": -0.7279954492796793,
    "qw": 0.3988016164188435
  }
}
