{
  "frame_index": 557,
  "timestamp_s": 18.566667556762695,
  "pause_frame_range": {
    "start": 536,
    "end": 593
  },
  "left_observation_pose": {
    "x": -0.29784101247787476,
    "y": -0.0859370008111,
    "z": 0.22576700150966644,
    "roll": -2.5659656524658203,
    "pitch": 0.4104839861392975,
    "yaw": 2.4755051136016846
  },
  "left_observation_pose_quaternion": {
    "x": -0.29784101247787476,
    "y": -0.0859370008111,
    "z": 0.22576700150966644,
    "qx": -0.3615667314818511,
    "qy": -0.8682467777392501,
    "qz": 0.32651583613770674,
    "qw": -0.09383197952848875
  }
}
