{
  "frame_index": 371,
  "timestamp_s": 12.366666793823242,
  "pause_frame_range": {
    "start": 362,
    "end": 375
  },
  "left_observation_pose": {
    "x": -0.4169270098209381,
    "y": 0.08158300071954727,
    "z": 0.2086859941482544,
    "roll": -2.4302139282226562,
    "pitch": 0.3254340887069702,
    "yaw": 2.0252974033355713
  },
  "left_observation_pose_quaternion": {
    "x": -0.4169270098209381,
    "y": 0.08158300071954727,
    "z": 0.2086859941482544,
    "qx": -0.5377602459327466,
    "qy": -0.7547624208867098,
    "qz": 0.3719129686188333,
    "qw": 0.05318223091138727
  }
}
