{
  "frame_index": 2286,
  "timestamp_s": 76.19999694824219,
  "pause_frame_range": {
    "start": 2271,
    "end": 2307
  },
  "right_observation_pose": {
    "x": -0.20825299620628357,
    "y": 0.16798999905586243,
    "z": 0.5099769830703735,
    "roll": -1.0742501020431519,
    "pitch": 0.3729594051837921,
    "yaw": -2.6609115600585938
  },
  "right_observation_pose_quaternion": {
    "x": -0.20825299620628357,
    "y": 0.16798999905586243,
    "z": 0.5099769830703735,
    "qx": 0.0350321500246325,
    "qy": 0.5262624055859046,
    "qz": -0.7974394792478573,
    "qw": 0.2931056223761233
  }
}
