{
  "frame_index": 1340,
  "timestamp_s": 44.66666793823242,
  "pause_frame_range": {
    "start": 1336,
    "end": 1357
  },
  "right_observation_pose": {
    "x": -0.3938629925251007,
    "y": -0.39306798577308655,
    "z": 0.2056950032711029,
    "roll": -0.7703534364700317,
    "pitch": -0.11609930545091629,
    "yaw": -1.4978066682815552
  },
  "right_observation_pose_quaternion": {
    "x": -0.3938629925251007,
    "y": -0.39306798577308655,
    "z": 0.2056950032711029,
    "qx": -0.31133544007712116,
    "qy": 0.2159944326167077,
    "qz": -0.645855583745127,
    "qw": 0.6627874574671831
  }
}
