{
  "frame_index": 760,
  "timestamp_s": 25.33333396911621,
  "pause_frame_range": {
    "start": 757,
    "end": 772
  },
  "right_observation_pose": {
    "x": -0.37077000737190247,
    "y": -0.06786800175905228,
    "z": 0.33681800961494446,
    "roll": -0.7071375846862793,
    "pitch": 0.43643704056739807,
    "yaw": -1.9112052917480469
  },
  "right_observation_pose_quaternion": {
    "x": -0.37077000737190247,
    "y": -0.06786800175905228,
    "z": 0.33681800961494446,
    "qx": -0.029223210057088445,
    "qy": 0.39327356718579837,
    "qz": -0.7047156793208266,
    "qw": 0.5897946394011246
  }
}
