{
  "frame_index": 699,
  "timestamp_s": 23.299999237060547,
  "pause_frame_range": {
    "start": 686,
    "end": 702
  },
  "left_observation_pose": {
    "x": -0.27800101041793823,
    "y": 0.4212400019168854,
    "z": 0.2735080122947693,
    "roll": -2.304201126098633,
    "pitch": 0.3569023907184601,
    "yaw": 1.4321298599243164
  },
  "left_observation_pose_quaternion": {
    "x": -0.27800101041793823,
    "y": 0.4212400019168854,
    "z": 0.2735080122947693,
    "qx": -0.7256576919397029,
    "qy": -0.5357524423271005,
    "qz": 0.38498469381734557,
    "qw": 0.19538940655945172
  }
}
