{
  "frame_index": 1084,
  "timestamp_s": 36.13333511352539,
  "pause_frame_range": {
    "start": 1053,
    "end": 1098
  },
  "left_observation_pose": {
    "x": -0.29614099860191345,
    "y": -0.03930399939417839,
    "z": 0.4506320059299469,
    "roll": -1.7472840547561646,
    "pitch": 0.5275083184242249,
    "yaw": 2.3533670902252197
  },
  "left_observation_pose_quaternion": {
    "x": -0.29614099860191345,
    "y": -0.03930399939417839,
    "z": 0.4506320059299469,
    "qx": -0.4387648627770351,
    "qy": -0.6191433835631034,
    "qz": 0.6490679964559408,
    "qw": 0.0534565408434973
  }
}
