{
  "frame_index": 1208,
  "timestamp_s": 40.266666412353516,
  "pause_frame_range": {
    "start": 1201,
    "end": 1232
  },
  "right_observation_pose": {
    "x": -0.4746840000152588,
    "y": -0.2903580069541931,
    "z": 0.20533500611782074,
    "roll": -0.7898487448692322,
    "pitch": -0.056984998285770416,
    "yaw": -1.6911368370056152
  },
  "right_observation_pose_quaternion": {
    "x": -0.4746840000152588,
    "y": -0.2903580069541931,
    "z": 0.20533500611782074,
    "qx": -0.27477408148802795,
    "qy": 0.27035931297195753,
    "qz": -0.6977345768020977,
    "qw": 0.6037975706861857
  }
}
