{
  "frame_index": 1959,
  "timestamp_s": 65.30000305175781,
  "pause_frame_range": {
    "start": 1952,
    "end": 1969
  },
  "right_observation_pose": {
    "x": -0.12110500037670135,
    "y": 0.05057600140571594,
    "z": 0.5301690101623535,
    "roll": -1.1004998683929443,
    "pitch": 0.0014486232539638877,
    "yaw": -2.2916696071624756
  },
  "right_observation_pose_quaternion": {
    "x": -0.12110500037670135,
    "y": 0.05057600140571594,
    "z": 0.5301690101623535,
    "qx": -0.2150217850470811,
    "qy": 0.4766451305725275,
    "qz": -0.7764209889274274,
    "qw": 0.35177478506797616
  }
}
