{
  "frame_index": 164,
  "timestamp_s": 5.4666666984558105,
  "right_observation_pose": {
    "x": -0.20548799633979797,
    "y": -0.10385700315237045,
    "z": 0.3841780126094818,
    "roll": -1.054423213005066,
    "pitch": -0.0018325956771150231,
    "yaw": -2.1552722454071045
  },
  "right_observation_pose_quaternion": {
    "x": -0.20548799633979797,
    "y": -0.10385700315237045,
    "z": 0.3841780126094818,
    "qx": -0.23888302498155964,
    "qy": 0.44279861932213294,
    "qz": -0.7614526290128425,
    "qw": 0.40872261605091403
  }
}
