{
  "frame_index": 453,
  "timestamp_s": 15.100000381469727,
  "right_observation_pose": {
    "x": -0.38349100947380066,
    "y": -0.11991900205612183,
    "z": 0.41359299421310425,
    "roll": -0.9939824342727661,
    "pitch": -0.1408306211233139,
    "yaw": -2.1570699214935303
  },
  "right_observation_pose_quaternion": {
    "x": -0.38349100947380066,
    "y": -0.11991900205612183,
    "z": 0.41359299421310425,
    "qx": -0.27928098142492624,
    "qy": 0.389902122505607,
    "qz": -0.7885860745549704,
    "qw": 0.3848512326834038
  }
}
