{
  "frame_index": 2053,
  "timestamp_s": 68.43333435058594,
  "pause_frame_range": {
    "start": 2037,
    "end": 2058
  },
  "right_observation_pose": {
    "x": -0.1400730013847351,
    "y": 0.06862299889326096,
    "z": 0.46953800320625305,
    "roll": -0.9246580004692078,
    "pitch": 0.28181830048561096,
    "yaw": -2.3926196098327637
  },
  "right_observation_pose_quaternion": {
    "x": -0.1400730013847351,
    "y": 0.06862299889326096,
    "z": 0.46953800320625305,
    "qx": -0.04455217586067203,
    "qy": 0.4569873390604995,
    "qz": -0.8018172809857231,
    "qw": 0.38244832785246397
  }
}
