{
  "frame_index": 1192,
  "timestamp_s": 39.733333587646484,
  "pause_frame_range": {
    "start": 1138,
    "end": 1197
  },
  "right_observation_pose": {
    "x": -0.10077899694442749,
    "y": 0.09210599958896637,
    "z": 0.42183101177215576,
    "roll": -0.5150466561317444,
    "pitch": 0.6253689527511597,
    "yaw": -2.878711223602295
  },
  "right_observation_pose_quaternion": {
    "x": -0.10077899694442749,
    "y": 0.09210599958896637,
    "z": 0.42183101177215576,
    "qx": 0.26314283940716243,
    "qy": 0.27923372260764584,
    "qz": -0.901928820936559,
    "qw": 0.1982644097951045
  }
}
