{
  "frame_index": 1254,
  "timestamp_s": 41.79999923706055,
  "pause_frame_range": {
    "start": 1243,
    "end": 1264
  },
  "left_observation_pose": {
    "x": -0.41258901357650757,
    "y": -0.01345400046557188,
    "z": 0.294405996799469,
    "roll": -2.4918763637542725,
    "pitch": 0.2980847954750061,
    "yaw": 1.8705565929412842
  },
  "left_observation_pose_quaternion": {
    "x": -0.41258901357650757,
    "y": -0.01345400046557188,
    "z": 0.294405996799469,
    "qx": -0.5944520487777989,
    "qy": -0.7260835673174986,
    "qz": 0.33754581145447216,
    "qw": 0.07410964947235223
  }
}
