{
  "frame_index": 201,
  "timestamp_s": 6.699999809265137,
  "pause_frame_range": {
    "start": 199,
    "end": 212
  },
  "right_observation_pose": {
    "x": -0.2592180073261261,
    "y": -0.046509999781847,
    "z": 0.5080959796905518,
    "roll": -1.204486608505249,
    "pitch": 0.09576621651649475,
    "yaw": -2.159181833267212
  },
  "right_observation_pose_quaternion": {
    "x": -0.2592180073261261,
    "y": -0.046509999781847,
    "z": 0.5080959796905518,
    "qx": -0.23212192932441075,
    "qy": 0.5175459244475282,
    "qz": -0.7130105334356884,
    "qw": 0.4121669628005399
  }
}
