{
  "frame_index": 957,
  "timestamp_s": 31.899999618530273,
  "pause_frame_range": {
    "start": 939,
    "end": 995
  },
  "left_observation_pose": {
    "x": -0.1471399962902069,
    "y": 0.039765000343322754,
    "z": 0.4045470058917999,
    "roll": -2.172987222671509,
    "pitch": 0.6832091212272644,
    "yaw": 1.8284767866134644
  },
  "left_observation_pose_quaternion": {
    "x": -0.1471399962902069,
    "y": 0.039765000343322754,
    "z": 0.4045470058917999,
    "qx": -0.6325307753057462,
    "qy": -0.565296339079247,
    "qz": 0.5284506329884306,
    "qw": 0.03293623853507682
  }
}
