{
  "frame_index": 726,
  "timestamp_s": 24.200000762939453,
  "pause_frame_range": {
    "start": 701,
    "end": 750
  },
  "right_observation_pose": {
    "x": -0.26905500888824463,
    "y": -0.34621599316596985,
    "z": 0.5226190090179443,
    "roll": -0.2624626159667969,
    "pitch": -0.4081976115703583,
    "yaw": -2.034076452255249
  },
  "right_observation_pose_quaternion": {
    "x": -0.26905500888824463,
    "y": -0.34621599316596985,
    "z": 0.5226190090179443,
    "qx": -0.23829869349577526,
    "qy": 0.003316262144189161,
    "qz": -0.8396862002843033,
    "qw": 0.4879854712342436
  }
}
