{
  "frame_index": 2024,
  "timestamp_s": 67.46666717529297,
  "pause_frame_range": {
    "start": 2014,
    "end": 2028
  },
  "left_observation_pose": {
    "x": -0.4488840103149414,
    "y": 0.36217400431632996,
    "z": 0.19906499981880188,
    "roll": -2.4596052169799805,
    "pitch": 0.18313740193843842,
    "yaw": 1.5367798805236816
  },
  "left_observation_pose_quaternion": {
    "x": -0.4488840103149414,
    "y": 0.36217400431632996,
    "z": 0.19906499981880188,
    "qx": -0.6960442956759507,
    "qy": -0.6302316547671167,
    "qz": 0.2934066955135301,
    "qw": 0.17956311095072464
  }
}
