{
  "frame_index": 809,
  "timestamp_s": 26.96666717529297,
  "pause_frame_range": {
    "start": 803,
    "end": 813
  },
  "left_observation_pose": {
    "x": -0.3395240008831024,
    "y": 0.14205799996852875,
    "z": 0.23042699694633484,
    "roll": -2.6807210445404053,
    "pitch": 0.31817352771759033,
    "yaw": 1.619979739189148
  },
  "left_observation_pose_quaternion": {
    "x": -0.3395240008831024,
    "y": 0.14205799996852875,
    "z": 0.23042699694633484,
    "qx": -0.689009716177741,
    "qy": -0.6712829297915038,
    "qz": 0.2696798491025227,
    "qw": 0.043790617388252344
  }
}
