{
  "frame_index": 663,
  "timestamp_s": 22.100000381469727,
  "right_observation_pose": {
    "x": -0.3496209979057312,
    "y": -0.22017499804496765,
    "z": 0.3963660001754761,
    "roll": -1.0761176347732544,
    "pitch": -0.0374373123049736,
    "yaw": -1.8781487941741943
  },
  "right_observation_pose_quaternion": {
    "x": -0.3496209979057312,
    "y": -0.22017499804496765,
    "z": 0.3963660001754761,
    "qx": -0.31554960832159334,
    "qy": 0.404005357292393,
    "qz": -0.6985283076534144,
    "qw": 0.4992657802954172
  }
}
