{
  "frame_index": 1781,
  "timestamp_s": 59.36666488647461,
  "pause_frame_range": {
    "start": 1771,
    "end": 1792
  },
  "left_observation_pose": {
    "x": -0.3456920087337494,
    "y": 0.2931860089302063,
    "z": 0.4695979952812195,
    "roll": -2.1559877395629883,
    "pitch": -0.0062831854447722435,
    "yaw": 1.479236364364624
  },
  "left_observation_pose_quaternion": {
    "x": -0.3456920087337494,
    "y": 0.2931860089302063,
    "z": 0.4695979952812195,
    "qx": -0.6498203478945132,
    "qy": -0.5949012872664576,
    "qz": 0.316823794524546,
    "qw": 0.3513526107687746
  }
}
