{
  "frame_index": 276,
  "timestamp_s": 9.199999809265137,
  "pause_frame_range": {
    "start": 257,
    "end": 282
  },
  "left_observation_pose": {
    "x": -0.24581000208854675,
    "y": -0.03373999893665314,
    "z": 0.44204699993133545,
    "roll": -2.1484827995300293,
    "pitch": 0.19305086135864258,
    "yaw": 2.377661943435669
  },
  "left_observation_pose_quaternion": {
    "x": -0.24581000208854675,
    "y": -0.03373999893665314,
    "z": 0.44204699993133545,
    "qx": -0.36880705854109613,
    "qy": -0.7949545900017007,
    "qz": 0.4715942893329188,
    "qw": 0.09811921154428285
  }
}
