{
  "frame_index": 1342,
  "timestamp_s": 44.733333587646484,
  "pause_frame_range": {
    "start": 1328,
    "end": 1348
  },
  "left_observation_pose": {
    "x": -0.31012800335884094,
    "y": -0.07642900198698044,
    "z": 0.3597640097141266,
    "roll": -2.1390929222106934,
    "pitch": 0.6900333762168884,
    "yaw": 2.310030460357666
  },
  "left_observation_pose_quaternion": {
    "x": -0.31012800335884094,
    "y": -0.07642900198698044,
    "z": 0.3597640097141266,
    "qx": -0.48201533925280016,
    "qy": -0.6893451285965124,
    "qz": 0.533478112837326,
    "qw": -0.08868827165296933
  }
}
