{
  "frame_index": 2122,
  "timestamp_s": 70.73332977294922,
  "pause_frame_range": {
    "start": 2118,
    "end": 2136
  },
  "right_observation_pose": {
    "x": -0.23326300084590912,
    "y": 0.11614499986171722,
    "z": 0.4056659936904907,
    "roll": -0.7452032566070557,
    "pitch": 0.5080653429031372,
    "yaw": -2.3989551067352295
  },
  "right_observation_pose_quaternion": {
    "x": -0.23326300084590912,
    "y": 0.11614499986171722,
    "z": 0.4056659936904907,
    "qx": 0.09026292496552377,
    "qy": 0.4132726895406259,
    "qz": -0.8068599399766374,
    "qw": 0.4123533990613183
  }
}
