{
  "frame_index": 944,
  "timestamp_s": 31.46666717529297,
  "pause_frame_range": {
    "start": 918,
    "end": 966
  },
  "right_observation_pose": {
    "x": -0.37440499663352966,
    "y": -0.09130199998617172,
    "z": 0.2583959996700287,
    "roll": -0.39156460762023926,
    "pitch": 0.36704275012016296,
    "yaw": -2.3557755947113037
  },
  "right_observation_pose_quaternion": {
    "x": -0.37440499663352966,
    "y": -0.09130199998617172,
    "z": 0.2583959996700287,
    "qx": 0.0921343516626916,
    "qy": 0.24522997471769176,
    "qz": -0.8773415133561534,
    "qw": 0.4020514764126483
  }
}
