{
  "frame_index": 113,
  "timestamp_s": 3.7666666507720947,
  "pause_frame_range": {
    "start": 77,
    "end": 140
  },
  "right_observation_pose": {
    "x": -0.28824201226234436,
    "y": -0.028395000845193863,
    "z": 0.4878169894218445,
    "roll": -1.1092439889907837,
    "pitch": 0.16456709802150726,
    "yaw": -2.1074326038360596
  },
  "right_observation_pose_quaternion": {
    "x": -0.28824201226234436,
    "y": -0.028395000845193863,
    "z": 0.4878169894218445,
    "qx": -0.19871572260996806,
    "qy": 0.49076592215869924,
    "qz": -0.7150658465860084,
    "qw": 0.4564446366007108
  }
}
