{
  "frame_index": 768,
  "timestamp_s": 25.600000381469727,
  "pause_frame_range": {
    "start": 754,
    "end": 780
  },
  "left_observation_pose": {
    "x": -0.43383699655532837,
    "y": 0.31571298837661743,
    "z": 0.34442099928855896,
    "roll": -1.9741767644882202,
    "pitch": 0.2790955901145935,
    "yaw": 1.9291996955871582
  },
  "left_observation_pose_quaternion": {
    "x": -0.43383699655532837,
    "y": 0.31571298837661743,
    "z": 0.34442099928855896,
    "qx": -0.5337881029458024,
    "qy": -0.6354058860022489,
    "qz": 0.5146478429058783,
    "qw": 0.21556256395660442
  }
}
