{
  "frame_index": 830,
  "timestamp_s": 27.66666603088379,
  "pause_frame_range": {
    "start": 823,
    "end": 860
  },
  "right_observation_pose": {
    "x": -0.3394570052623749,
    "y": -0.06321199983358383,
    "z": 0.42837899923324585,
    "roll": -0.9311680793762207,
    "pitch": 0.22190116345882416,
    "yaw": -1.9984194040298462
  },
  "right_observation_pose_quaternion": {
    "x": -0.3394570052623749,
    "y": -0.06321199983358383,
    "z": 0.42837899923324585,
    "qx": -0.1581601568083999,
    "qy": 0.42878255298779816,
    "qz": -0.7200110392221355,
    "qw": 0.522221208349363
  }
}
