{
  "frame_index": 602,
  "timestamp_s": 20.066667556762695,
  "pause_frame_range": {
    "start": 599,
    "end": 609
  },
  "right_observation_pose": {
    "x": -0.48302799463272095,
    "y": -0.14578600227832794,
    "z": 0.18750299513339996,
    "roll": -0.45092326402664185,
    "pitch": 0.14351841807365417,
    "yaw": -2.082491874694824
  },
  "right_observation_pose_quaternion": {
    "x": -0.48302799463272095,
    "y": -0.14578600227832794,
    "z": 0.18750299513339996,
    "qx": -0.05232635209542449,
    "qy": 0.2277413354182262,
    "qz": -0.830930167285688,
    "qw": 0.504926622503594
  }
}
