{
  "frame_index": 1423,
  "timestamp_s": 47.43333435058594,
  "pause_frame_range": {
    "start": 1407,
    "end": 1448
  },
  "right_observation_pose": {
    "x": -0.3368450105190277,
    "y": -0.43984198570251465,
    "z": 0.2382570058107376,
    "roll": -0.8445124626159668,
    "pitch": -0.18565067648887634,
    "yaw": -1.3545849323272705
  },
  "right_observation_pose_quaternion": {
    "x": -0.3368450105190277,
    "y": -0.43984198570251465,
    "z": 0.2382570058107376,
    "qx": -0.3709727847131336,
    "qy": 0.1898342798040557,
    "qz": -0.5987827395194444,
    "qw": 0.6839600646726737
  }
}
