{
  "frame_index": 1067,
  "timestamp_s": 35.56666564941406,
  "pause_frame_range": {
    "start": 1023,
    "end": 1080
  },
  "right_observation_pose": {
    "x": -0.2712770104408264,
    "y": 0.1775439977645874,
    "z": 0.3970310091972351,
    "roll": -0.6547777056694031,
    "pitch": 0.17296212911605835,
    "yaw": -2.929413080215454
  },
  "right_observation_pose_quaternion": {
    "x": -0.2712770104408264,
    "y": 0.1775439977645874,
    "z": 0.3970310091972351,
    "qx": 0.04740153558169632,
    "qy": 0.327229059716738,
    "qz": -0.9351017150823993,
    "qw": 0.12751085973889478
  }
}
