{
  "frame_index": 436,
  "timestamp_s": 14.533333778381348,
  "pause_frame_range": {
    "start": 418,
    "end": 460
  },
  "left_observation_pose": {
    "x": -0.2576729953289032,
    "y": 0.10183300077915192,
    "z": 0.27445799112319946,
    "roll": -2.5507113933563232,
    "pitch": 0.35814157128334045,
    "yaw": 1.5969064235687256
  },
  "left_observation_pose_quaternion": {
    "x": -0.2576729953289032,
    "y": 0.10183300077915192,
    "z": 0.27445799112319946,
    "qx": -0.694053365305593,
    "qy": -0.6380978597009397,
    "qz": 0.3241241063350103,
    "qw": 0.07787561393396422
  }
}
