{
  "frame_index": 1805,
  "timestamp_s": 60.16666793823242,
  "pause_frame_range": {
    "start": 1784,
    "end": 1809
  },
  "right_observation_pose": {
    "x": -0.2503359913825989,
    "y": 0.16718299686908722,
    "z": 0.5512250065803528,
    "roll": -1.1607661247253418,
    "pitch": 0.12302825599908829,
    "yaw": -2.4614553451538086
  },
  "right_observation_pose_quaternion": {
    "x": -0.2503359913825989,
    "y": 0.16718299686908722,
    "z": 0.5512250065803528,
    "qx": -0.1340904831164156,
    "qy": 0.5331114001678389,
    "qz": -0.775626927926815,
    "qw": 0.3101851802125695
  }
}
