{
  "frame_index": 617,
  "timestamp_s": 20.566667556762695,
  "pause_frame_range": {
    "start": 607,
    "end": 626
  },
  "left_observation_pose": {
    "x": -0.15967099368572235,
    "y": -0.05113900080323219,
    "z": 0.40436598658561707,
    "roll": -2.4344375133514404,
    "pitch": 0.5536184310913086,
    "yaw": 2.028020143508911
  },
  "left_observation_pose_quaternion": {
    "x": -0.15967099368572235,
    "y": -0.05113900080323219,
    "z": 0.40436598658561707,
    "qx": -0.5572320336031741,
    "qy": -0.7161156551091598,
    "qz": 0.4182545800429118,
    "qw": -0.04164055123527549
  }
}
