{
  "frame_index": 2207,
  "timestamp_s": 73.56666564941406,
  "pause_frame_range": {
    "start": 2196,
    "end": 2225
  },
  "right_observation_pose": {
    "x": -0.3011449873447418,
    "y": 0.12348800152540207,
    "z": 0.45953500270843506,
    "roll": -0.9776636362075806,
    "pitch": 0.38463565707206726,
    "yaw": -2.4170541763305664
  },
  "right_observation_pose_quaternion": {
    "x": -0.3011449873447418,
    "y": 0.12348800152540207,
    "z": 0.45953500270843506,
    "qx": -0.005558295582143741,
    "qy": 0.490824429233662,
    "qz": -0.7785489194279437,
    "qw": 0.3910525093580819
  }
}
