{
  "frame_index": 148,
  "timestamp_s": 4.933333396911621,
  "pause_frame_range": {
    "start": 127,
    "end": 167
  },
  "left_observation_pose": {
    "x": -0.2532930076122284,
    "y": 0.06834899634122849,
    "z": 0.35156500339508057,
    "roll": -2.4775822162628174,
    "pitch": 0.18755307793617249,
    "yaw": 1.968626618385315
  },
  "left_observation_pose_quaternion": {
    "x": -0.2532930076122284,
    "y": 0.06834899634122849,
    "z": 0.35156500339508057,
    "qx": -0.5463340124168082,
    "qy": -0.7670576184020488,
    "qz": 0.3192727740950011,
    "qw": 0.10586147859164863
  }
}
