{
  "frame_index": 1126,
  "timestamp_s": 37.53333282470703,
  "pause_frame_range": {
    "start": 1114,
    "end": 1129
  },
  "left_observation_pose": {
    "x": -0.42021501064300537,
    "y": 0.09761299937963486,
    "z": 0.16173900663852692,
    "roll": -2.7596447467803955,
    "pitch": 0.3435506224632263,
    "yaw": 1.6593717336654663
  },
  "left_observation_pose_quaternion": {
    "x": -0.42021501064300537,
    "y": 0.09761299937963486,
    "z": 0.16173900663852692,
    "qx": -0.6770145896525632,
    "qy": -0.6917435639331523,
    "qz": 0.25126892372786824,
    "qw": 0.0024525748247845175
  }
}
