{
  "frame_index": 1630,
  "timestamp_s": 54.33333206176758,
  "pause_frame_range": {
    "start": 1581,
    "end": 1636
  },
  "right_observation_pose": {
    "x": -0.1986140012741089,
    "y": -0.31910601258277893,
    "z": 0.335642009973526,
    "roll": -0.3321536183357239,
    "pitch": 0.06965608894824982,
    "yaw": -1.7527817487716675
  },
  "right_observation_pose_quaternion": {
    "x": -0.1986140012741089,
    "y": -0.31910601258277893,
    "z": 0.335642009973526,
    "qx": -0.07933579129343755,
    "qy": 0.14893260001626515,
    "qz": -0.7537180646381847,
    "qw": 0.6351645392418473
  }
}
