{
  "frame_index": 1594,
  "timestamp_s": 53.13333511352539,
  "pause_frame_range": {
    "start": 1578,
    "end": 1598
  },
  "right_observation_pose": {
    "x": -0.32283899188041687,
    "y": -0.40544700622558594,
    "z": 0.3586679995059967,
    "roll": -0.9142732620239258,
    "pitch": -0.4584631025791168,
    "yaw": -1.32500159740448
  },
  "right_observation_pose_quaternion": {
    "x": -0.32283899188041687,
    "y": -0.40544700622558594,
    "z": 0.3586679995059967,
    "qx": -0.4643212207923397,
    "qy": 0.10362302459273127,
    "qz": -0.6165731047102456,
    "qw": 0.6273003102534975
  }
}
