{
  "frame_index": 295,
  "timestamp_s": 9.833333015441895,
  "pause_frame_range": {
    "start": 280,
    "end": 300
  },
  "left_observation_pose": {
    "x": -0.32155001163482666,
    "y": 0.22577700018882751,
    "z": 0.4620090126991272,
    "roll": -2.309664011001587,
    "pitch": 0.18762288987636566,
    "yaw": 1.6938594579696655
  },
  "left_observation_pose_quaternion": {
    "x": -0.32155001163482666,
    "y": 0.22577700018882751,
    "z": 0.4620090126991272,
    "qx": -0.6315076595981463,
    "qy": -0.6572779662343388,
    "qz": 0.35816883761632184,
    "qw": 0.20223460320206396
  }
}
