{
  "frame_index": 535,
  "timestamp_s": 17.83333396911621,
  "pause_frame_range": {
    "start": 526,
    "end": 539
  },
  "right_observation_pose": {
    "x": -0.1741819977760315,
    "y": -0.12037099897861481,
    "z": 0.4731599986553192,
    "roll": -1.0126924514770508,
    "pitch": 0.03574434295296669,
    "yaw": -1.7244900465011597
  },
  "right_observation_pose_quaternion": {
    "x": -0.1741819977760315,
    "y": -0.12037099897861481,
    "z": 0.4731599986553192,
    "qx": -0.3036791476742389,
    "qy": 0.37836323957122264,
    "qz": -0.6582834033782042,
    "qw": 0.5755720589516362
  }
}
