{
  "frame_index": 1181,
  "timestamp_s": 39.36666488647461,
  "pause_frame_range": {
    "start": 1178,
    "end": 1194
  },
  "left_observation_pose": {
    "x": -0.4295870065689087,
    "y": 0.012362999841570854,
    "z": 0.1817149966955185,
    "roll": -2.708559036254883,
    "pitch": 0.36880552768707275,
    "yaw": 1.8379364013671875
  },
  "left_observation_pose_quaternion": {
    "x": -0.4295870065689087,
    "y": 0.012362999841570854,
    "z": 0.1817149966955185,
    "qx": -0.613746651933545,
    "qy": -0.7393552062611476,
    "qz": 0.27652469706401667,
    "qw": -0.014248443022081472
  }
}
