{
  "frame_index": 694,
  "timestamp_s": 23.133333206176758,
  "pause_frame_range": {
    "start": 682,
    "end": 699
  },
  "left_observation_pose": {
    "x": -0.2957659959793091,
    "y": -0.044314999133348465,
    "z": 0.23280000686645508,
    "roll": -2.630385637283325,
    "pitch": 0.49923399090766907,
    "yaw": 1.8754785060882568
  },
  "left_observation_pose_quaternion": {
    "x": -0.2957659959793091,
    "y": -0.044314999133348465,
    "z": 0.23280000686645508,
    "qx": -0.6050055592625052,
    "qy": -0.7189034406558429,
    "qz": 0.3389187055433167,
    "qw": -0.047751725701768
  }
}
