{
  "frame_index": 531,
  "timestamp_s": 17.700000762939453,
  "pause_frame_range": {
    "start": 512,
    "end": 535
  },
  "left_observation_pose": {
    "x": -0.3499239981174469,
    "y": -0.043216001242399216,
    "z": 0.4037350118160248,
    "roll": -2.1735458374023438,
    "pitch": 0.18139207363128662,
    "yaw": 2.3231029510498047
  },
  "left_observation_pose_quaternion": {
    "x": -0.3499239981174469,
    "y": -0.043216001242399216,
    "z": 0.4037350118160248,
    "qx": -0.3894268959485996,
    "qy": -0.791928657780818,
    "qz": 0.4570622079824926,
    "qw": 0.11085951349108286
  }
}
