{
  "frame_index": 460,
  "timestamp_s": 15.333333015441895,
  "pause_frame_range": {
    "start": 442,
    "end": 479
  },
  "left_observation_pose": {
    "x": -0.384101003408432,
    "y": 0.024653000757098198,
    "z": 0.3762040138244629,
    "roll": -2.265001058578491,
    "pitch": 0.15938346087932587,
    "yaw": 2.2671303749084473
  },
  "left_observation_pose_quaternion": {
    "x": -0.384101003408432,
    "y": 0.024653000757098198,
    "z": 0.3762040138244629,
    "qx": -0.41279831748682855,
    "qy": -0.803386765963728,
    "qz": 0.4137748418801597,
    "qw": 0.11383160185745574
  }
}
