{
  "frame_index": 1121,
  "timestamp_s": 37.36666488647461,
  "pause_frame_range": {
    "start": 1119,
    "end": 1130
  },
  "right_observation_pose": {
    "x": -0.4576919972896576,
    "y": -0.2779949903488159,
    "z": 0.2957090139389038,
    "roll": -0.8996299505233765,
    "pitch": -0.13177235424518585,
    "yaw": -1.6811010837554932
  },
  "right_observation_pose_quaternion": {
    "x": -0.4576919972896576,
    "y": -0.2779949903488159,
    "z": 0.2957090139389038,
    "qx": -0.33357575985625043,
    "qy": 0.28367775793887184,
    "qz": -0.6885422026637579,
    "qw": 0.5780690073322049
  }
}
