{
  "frame_index": 368,
  "timestamp_s": 12.266666412353516,
  "pause_frame_range": {
    "start": 350,
    "end": 377
  },
  "right_observation_pose": {
    "x": -0.2763960063457489,
    "y": -0.2227659970521927,
    "z": 0.4750080108642578,
    "roll": -1.091912865638733,
    "pitch": 0.031730085611343384,
    "yaw": -1.6915032863616943
  },
  "right_observation_pose_quaternion": {
    "x": -0.2763960063457489,
    "y": -0.2227659970521927,
    "z": 0.4750080108642578,
    "qx": -0.3341497485083398,
    "qy": 0.3975747153808855,
    "qz": -0.6341222804038978,
    "qw": 0.5728588174733646
  }
}
