{
  "frame_index": 558,
  "timestamp_s": 18.600000381469727,
  "right_observation_pose": {
    "x": -0.2201469987630844,
    "y": 0.026583999395370483,
    "z": 0.32962900400161743,
    "roll": -0.9066811203956604,
    "pitch": 0.410675972700119,
    "yaw": -2.507549524307251
  },
  "right_observation_pose_quaternion": {
    "x": -0.2201469987630844,
    "y": 0.026583999395370483,
    "z": 0.32962900400161743,
    "qx": 0.040503878747795354,
    "qy": 0.46454605505079494,
    "qz": -0.8084073568178671,
    "qw": 0.35921295074910314
  }
}
