{
  "frame_index": 401,
  "timestamp_s": 13.366666793823242,
  "pause_frame_range": {
    "start": 370,
    "end": 435
  },
  "right_observation_pose": {
    "x": -0.3391369879245758,
    "y": 0.19784800708293915,
    "z": 0.3561359941959381,
    "roll": -0.6818128824234009,
    "pitch": 0.5582435727119446,
    "yaw": -2.4133365154266357
  },
  "right_observation_pose_quaternion": {
    "x": -0.3391369879245758,
    "y": 0.19784800708293915,
    "z": 0.3561359941959381,
    "qx": 0.1281696227480062,
    "qy": 0.39280156536546507,
    "qz": -0.8137709648660132,
    "qw": 0.40872520694485176
  }
}
