{
  "frame_index": 1447,
  "timestamp_s": 48.233333587646484,
  "pause_frame_range": {
    "start": 1443,
    "end": 1469
  },
  "left_observation_pose": {
    "x": -0.3285360038280487,
    "y": -0.09491000324487686,
    "z": 0.48564401268959045,
    "roll": -2.069838285446167,
    "pitch": 0.4008846879005432,
    "yaw": 2.058563470840454
  },
  "left_observation_pose_quaternion": {
    "x": -0.3285360038280487,
    "y": -0.09491000324487686,
    "z": 0.48564401268959045,
    "qx": -0.521424578071944,
    "qy": -0.6696541407177633,
    "qz": 0.5170224866545727,
    "qw": 0.1112092149759706
  }
}
