{
  "frame_index": 1001,
  "timestamp_s": 33.36666488647461,
  "pause_frame_range": {
    "start": 978,
    "end": 1005
  },
  "right_observation_pose": {
    "x": -0.3754979968070984,
    "y": -0.27939701080322266,
    "z": 0.4421199858188629,
    "roll": -1.1424576044082642,
    "pitch": -0.2892359495162964,
    "yaw": -1.5354185104370117
  },
  "right_observation_pose_quaternion": {
    "x": -0.3754979968070984,
    "y": -0.27939701080322266,
    "z": 0.4421199858188629,
    "qx": -0.46914624435843744,
    "qy": 0.28433837095853504,
    "qz": -0.6341932509101862,
    "qw": 0.5448416400248695
  }
}
