{
  "frame_index": 943,
  "timestamp_s": 31.433332443237305,
  "pause_frame_range": {
    "start": 937,
    "end": 952
  },
  "left_observation_pose": {
    "x": -0.2898100018501282,
    "y": 0.32835400104522705,
    "z": 0.22990800440311432,
    "roll": -2.788599729537964,
    "pitch": 0.2419898957014084,
    "yaw": 1.3845871686935425
  },
  "left_observation_pose_quaternion": {
    "x": -0.2898100018501282,
    "y": 0.32835400104522705,
    "z": 0.22990800440311432,
    "qx": -0.765812306313576,
    "qy": -0.607480382733747,
    "qz": 0.20272458209185024,
    "qw": 0.05832529389575741
  }
}
