{
  "frame_index": 248,
  "timestamp_s": 8.266666412353516,
  "pause_frame_range": {
    "start": 225,
    "end": 285
  },
  "left_observation_pose": {
    "x": -0.385917991399765,
    "y": 0.29027798771858215,
    "z": 0.2844499945640564,
    "roll": -2.4942848682403564,
    "pitch": 0.05199335888028145,
    "yaw": 1.5758403539657593
  },
  "left_observation_pose_quaternion": {
    "x": -0.385917991399765,
    "y": 0.29027798771858215,
    "z": 0.2844499945640564,
    "qx": -0.6743350383889717,
    "qy": -0.6660242973875444,
    "qz": 0.2427554944207318,
    "qw": 0.20676958484970165
  }
}
