{
  "frame_index": 223,
  "timestamp_s": 7.433333396911621,
  "pause_frame_range": {
    "start": 208,
    "end": 227
  },
  "right_observation_pose": {
    "x": -0.3768180012702942,
    "y": -0.30156999826431274,
    "z": 0.3783920109272003,
    "roll": -0.9141860008239746,
    "pitch": -0.10208430886268616,
    "yaw": -1.5312820672988892
  },
  "right_observation_pose_quaternion": {
    "x": -0.3768180012702942,
    "y": -0.30156999826431274,
    "z": 0.3783920109272003,
    "qx": -0.34949258796700194,
    "qy": 0.27244478262575883,
    "qz": -0.6372791241541857,
    "qw": 0.6304792536582026
  }
}
