{
  "frame_index": 1267,
  "timestamp_s": 42.233333587646484,
  "pause_frame_range": {
    "start": 1250,
    "end": 1284
  },
  "left_observation_pose": {
    "x": -0.34953001141548157,
    "y": 0.12312299758195877,
    "z": 0.47619500756263733,
    "roll": -2.098130226135254,
    "pitch": 0.3263940215110779,
    "yaw": 2.0071287155151367
  },
  "left_observation_pose_quaternion": {
    "x": -0.34953001141548157,
    "y": 0.12312299758195877,
    "z": 0.47619500756263733,
    "qx": -0.5279193105907184,
    "qy": -0.6779621552377428,
    "qz": 0.4904287377125463,
    "qw": 0.14542410665530509
  }
}
