{
  "frame_index": 1187,
  "timestamp_s": 39.56666564941406,
  "pause_frame_range": {
    "start": 1175,
    "end": 1199
  },
  "left_observation_pose": {
    "x": -0.3033919930458069,
    "y": 0.426146000623703,
    "z": 0.24714699387550354,
    "roll": -2.3305904865264893,
    "pitch": 0.4430692791938782,
    "yaw": 1.3987592458724976
  },
  "left_observation_pose_quaternion": {
    "x": -0.3033919930458069,
    "y": 0.426146000623703,
    "z": 0.24714699387550354,
    "qx": -0.7417976631538391,
    "qy": -0.5107528218918636,
    "qz": 0.4022458594102124,
    "qw": 0.1645176296216953
  }
}
