{
  "frame_index": 139,
  "timestamp_s": 4.633333206176758,
  "pause_frame_range": {
    "start": 132,
    "end": 143
  },
  "right_observation_pose": {
    "x": -0.18921299278736115,
    "y": 0.03886299952864647,
    "z": 0.4791319966316223,
    "roll": -1.230858564376831,
    "pitch": 0.2539803087711334,
    "yaw": -2.586473226547241
  },
  "right_observation_pose_quaternion": {
    "x": -0.18921299278736115,
    "y": 0.03886299952864647,
    "z": 0.4791319966316223,
    "qx": -0.0574600705917545,
    "qy": 0.5790788572344804,
    "qz": -0.7589170159817099,
    "qw": 0.292251570132679
  }
}
