{
  "frame_index": 1708,
  "timestamp_s": 56.93333435058594,
  "pause_frame_range": {
    "start": 1706,
    "end": 1717
  },
  "left_observation_pose": {
    "x": -0.3325279951095581,
    "y": 0.2013690024614334,
    "z": 0.5030059814453125,
    "roll": -2.1941580772399902,
    "pitch": -0.02843141369521618,
    "yaw": 1.5269885063171387
  },
  "left_observation_pose_quaternion": {
    "x": -0.3325279951095581,
    "y": 0.2013690024614334,
    "z": 0.5030059814453125,
    "qx": -0.6383209885896625,
    "qy": -0.6199292831945297,
    "qz": 0.3062672501557902,
    "qw": 0.3382814964579698
  }
}
