{
  "frame_index": 232,
  "timestamp_s": 7.733333110809326,
  "pause_frame_range": {
    "start": 223,
    "end": 236
  },
  "left_observation_pose": {
    "x": -0.30667901039123535,
    "y": 0.1035429984331131,
    "z": 0.48764801025390625,
    "roll": -2.3059988021850586,
    "pitch": 0.24008749425411224,
    "yaw": 1.8396817445755005
  },
  "left_observation_pose_quaternion": {
    "x": -0.30667901039123535,
    "y": 0.1035429984331131,
    "z": 0.48764801025390625,
    "qx": -0.5884946757632108,
    "qy": -0.6924040492000022,
    "qz": 0.386775476864455,
    "qw": 0.15702031634813393
  }
}
