{
  "frame_index": 1288,
  "timestamp_s": 42.93333435058594,
  "pause_frame_range": {
    "start": 1262,
    "end": 1314
  },
  "right_observation_pose": {
    "x": -0.3585749864578247,
    "y": -0.03755500167608261,
    "z": 0.5583490133285522,
    "roll": -1.0895566940307617,
    "pitch": -0.2448347806930542,
    "yaw": -2.472834825515747
  },
  "right_observation_pose_quaternion": {
    "x": -0.3585749864578247,
    "y": -0.03755500167608261,
    "z": 0.5583490133285522,
    "qx": -0.2674517876911757,
    "qy": 0.45158883770353136,
    "qz": -0.8225961581960975,
    "qw": 0.21879813400344317
  }
}
