{
  "frame_index": 294,
  "timestamp_s": 9.800000190734863,
  "pause_frame_range": {
    "start": 283,
    "end": 301
  },
  "right_observation_pose": {
    "x": -0.27782899141311646,
    "y": -0.127702996134758,
    "z": 0.49271899461746216,
    "roll": -1.1682535409927368,
    "pitch": 0.11917108297348022,
    "yaw": -1.8977314233779907
  },
  "right_observation_pose_quaternion": {
    "x": -0.27782899141311646,
    "y": -0.127702996134758,
    "z": 0.49271899461746216,
    "qx": -0.28034503212006234,
    "qy": 0.47635738983413567,
    "qz": -0.6576593212951194,
    "qw": 0.5118344627217414
  }
}
