{
  "frame_index": 373,
  "timestamp_s": 12.433333396911621,
  "pause_frame_range": {
    "start": 337,
    "end": 385
  },
  "left_observation_pose": {
    "x": -0.12652699649333954,
    "y": 0.04616200178861618,
    "z": 0.42993998527526855,
    "roll": -2.6269125938415527,
    "pitch": 0.03539527580142021,
    "yaw": 1.7843198776245117
  },
  "left_observation_pose_quaternion": {
    "x": -0.12652699649333954,
    "y": 0.04616200178861618,
    "z": 0.42993998527526855,
    "qx": -0.6104721158107542,
    "qy": -0.7498508674642018,
    "qz": 0.20882931720393796,
    "qw": 0.1464164903856883
  }
}
