{
  "frame_index": 917,
  "timestamp_s": 30.566667556762695,
  "pause_frame_range": {
    "start": 904,
    "end": 920
  },
  "right_observation_pose": {
    "x": -0.3364880084991455,
    "y": -0.06256300210952759,
    "z": 0.4787839949131012,
    "roll": -1.0542137622833252,
    "pitch": 0.051940999925136566,
    "yaw": -2.0108985900878906
  },
  "right_observation_pose_quaternion": {
    "x": -0.3364880084991455,
    "y": -0.06256300210952759,
    "z": 0.4787839949131012,
    "qx": -0.250438614479308,
    "qy": 0.43664377863512854,
    "qz": -0.7225447554146339,
    "qw": 0.47386895591474265
  }
}
