{
  "frame_index": 1495,
  "timestamp_s": 49.83333206176758,
  "pause_frame_range": {
    "start": 1477,
    "end": 1517
  },
  "right_observation_pose": {
    "x": -0.39711400866508484,
    "y": -0.356438010931015,
    "z": 0.3616969883441925,
    "roll": -0.5447172522544861,
    "pitch": -0.025813419371843338,
    "yaw": -2.0738351345062256
  },
  "right_observation_pose_quaternion": {
    "x": -0.39711400866508484,
    "y": -0.356438010931015,
    "z": 0.3616969883441925,
    "qx": -0.14757901580319166,
    "qy": 0.22522429115518766,
    "qz": -0.8308061012183808,
    "qw": 0.48708898052257177
  }
}
