{
  "frame_index": 366,
  "timestamp_s": 12.199999809265137,
  "right_observation_pose": {
    "x": -0.05007899925112724,
    "y": -0.0395050011575222,
    "z": 0.42570599913597107,
    "roll": -0.7106108069419861,
    "pitch": -0.03850196301937103,
    "yaw": -1.9231783151626587
  },
  "right_observation_pose_quaternion": {
    "x": -0.05007899925112724,
    "y": -0.0395050011575222,
    "z": 0.42570599913597107,
    "qx": -0.21382498833069397,
    "qy": 0.2749144343497585,
    "qz": -0.7725680335046134,
    "qw": 0.5308856390583058
  }
}
