{
  "frame_index": 695,
  "timestamp_s": 23.16666603088379,
  "pause_frame_range": {
    "start": 683,
    "end": 698
  },
  "right_observation_pose": {
    "x": -0.14026999473571777,
    "y": -0.042360998690128326,
    "z": 0.3884280025959015,
    "roll": -0.7863231897354126,
    "pitch": 0.263230562210083,
    "yaw": -1.907592535018921
  },
  "right_observation_pose_quaternion": {
    "x": -0.14026999473571777,
    "y": -0.042360998690128326,
    "z": 0.3884280025959015,
    "qx": -0.12087588592827675,
    "qy": 0.37990776172071805,
    "qz": -0.7177820433548742,
    "qw": 0.5708310179227385
  }
}
